cat;Митч;м;3;Это замечательное создание попало к нам совсем недавно. Один из наших работников нашеле его возле своего дома и не смог пройти мимо. Было видно, что животное домашнее, но брощено. Нам показалось, что его просто выкинули на улицу. При проверке оказалось, что есть почти все прививки, которые необходимо. Мы его согрели, накормили и стали любить как своего родного. Он очень ждет свох новых хозяев, обещал, то будет любить их очень сильно!;Скоттиш страйт;http://cdn.some-random-api.ml/1DO_ouVe'0;2023-04-11 21:27:48.620629;2023-04-11 21:27:48.620629
dog;Михей;м;17;К нам он попал от своих бывших хозяев, они уезжали из города и не смогли взять его с собой, и поэтому приняли решения сдать в наш приют. Он очень ласковый, добрый, очень часто улыбается и любит людей. Мы надеемся, что его в новом доме будут любить также сильно, как и мы.;Слюги;https://cdn.some-random-api.ml/lGG9MRw7'0;2023-04-11 21:27:48.953487;2023-04-11 21:27:48.953487
cat;Мотя;м;4;К нам он попал от своих бывших хозяев, к сожалению у них обнаржили аллергию на шерсть, и поэтому приняли решения сдать в наш приют. Он очень ласковый, добрый, очень часто улыбается и любит людей. Мы надеемся, что его в новом доме будут любить также сильно, как и мы.;Лаперм длинношёрстный;http://cdn.some-random-api.ml/GRlCl3di'0;2023-04-11 21:27:49.276617;2023-04-11 21:27:49.276617
dog;Мустанг;м;6;К нам он попал от своих бывших хозяев, они уезжали из города и не смогли взять его с собой, и поэтому приняли решения сдать в наш приют. Он очень ласковый, добрый, очень часто улыбается и любит людей. Мы надеемся, что его в новом доме будут любить также сильно, как и мы.;Среднеазиатская овчарка;https://cdn.some-random-api.ml/ZDUjQM2F'0;2023-04-11 21:27:49.601082;2023-04-11 21:27:49.601082
cat;Найк;м;8;К нам он попал от неравнодушных людей. Нашли его просто на улице среди мусорных баков. Было видно, что животное домашнее, но брощено. Нам показалось, что его просто выкинули на улицу. При проверке оказалось, что есть почти все прививки, которые необходимо. Мы его согрели, накормили и стали любить как своего родного. Он очень ждет свох новых хозяев, обещал, то будет любить их очень сильно!;Мейн-кун;http://cdn.some-random-api.ml/vjLvx5Bk'0;2023-04-11 21:27:49.929366;2023-04-11 21:27:49.929366
dog;Нео;м;20;К нам он попал от своих бывших хозяев, они уезжали из города и не смогли взять его с собой, и поэтому приняли решения сдать в наш приют. Он очень ласковый, добрый, очень часто улыбается и любит людей. Мы надеемся, что его в новом доме будут любить также сильно, как и мы.;Басенджи;https://cdn.some-random-api.ml/mzNXhxAD'0;2023-04-11 21:27:50.270136;2023-04-11 21:27:50.270136
cat;Оджи;м;3;К нам он попал от своих бывших хозяев, к сожалению у них обнаржили аллергию на шерсть, и поэтому приняли решения сдать в наш приют. Он очень ласковый, добрый, очень часто улыбается и любит людей. Мы надеемся, что его в новом доме будут любить также сильно, как и мы.;Пиксибоб длинношёрстный;http://cdn.some-random-api.ml/NS07UfFW'0;2023-04-11 21:27:50.578533;2023-04-11 21:27:50.578533
dog;Озон;м;5;Это замечательное создание попало к нам совсем недавно. Один из наших работников нашеле его возле своего дома и не смог пройти мимо. Было видно, что животное домашнее, но брощено. Нам показалось, что его просто выкинули на улицу. При проверке оказалось, что есть почти все прививки, которые необходимо. Мы его согрели, накормили и стали любить как своего родного. Он очень ждет свох новых хозяев, обещал, то будет любить их очень сильно!;Ирландский мягкошёрстный пшеничный терьер;https://cdn.some-random-api.ml/_xpMOYkY'0;2023-04-11 21:27:50.892515;2023-04-11 21:27:50.892515
cat;Осириус;м;14;К нам он попал от неравнодушных людей. Нашли его просто на улице среди мусорных баков. Было видно, что животное домашнее, но брощено. Нам показалось, что его просто выкинули на улицу. При проверке оказалось, что есть почти все прививки, которые необходимо. Мы его согрели, накормили и стали любить как своего родного. Он очень ждет свох новых хозяев, обещал, то будет любить их очень сильно!;Акринская;http://cdn.some-random-api.ml/EHt2KoVu'0;2023-04-11 21:27:51.224716;2023-04-11 21:27:51.224716
dog;Перси;м;8;Это замечательное создание попало к нам совсем недавно. Один из наших работников нашеле его возле своего дома и не смог пройти мимо. Было видно, что животное домашнее, но брощено. Нам показалось, что его просто выкинули на улицу. При проверке оказалось, что есть почти все прививки, которые необходимо. Мы его согрели, накормили и стали любить как своего родного. Он очень ждет свох новых хозяев, обещал, то будет любить их очень сильно!;Белая швейцарская овчарка;https://cdn.some-random-api.ml/2n62Hiq3'0;2023-04-11 21:27:51.537358;2023-04-11 21:27:51.537358
cat;Платон;м;14;Это замечательное создание попало к нам совсем недавно. Один из наших работников нашеле его возле своего дома и не смог пройти мимо. Было видно, что животное домашнее, но брощено. Нам показалось, что его просто выкинули на улицу. При проверке оказалось, что есть почти все прививки, которые необходимо. Мы его согрели, накормили и стали любить как своего родного. Он очень ждет свох новых хозяев, обещал, то будет любить их очень сильно!;Цейлонская;http://cdn.some-random-api.ml/HNkHofHe'0;2023-04-11 21:27:51.878131;2023-04-11 21:27:51.878131
dog;Призрак;м;14;Это замечательное создание попало к нам совсем недавно. Мы нашли его около дверей нашего приюта совсем холодного и голодного. При проверке оказалось, что есть почти все прививки, которые необходимо. Мы его согрели, накормили и стали любить как своего родного. Он очень ждет свох новых хозяев, обещал, то будет любить их очень сильно!;Американский кокер-спаниель;https://i.some-random-api.ml/GgVmK0NYuF.jpg'0;2023-04-11 21:27:52.220303;2023-04-11 21:27:52.220303
cat;Пряник;м;8;Это замечательное создание попало к нам совсем недавно. Мы нашли его около дверей нашего приюта совсем холодного и голодного. При проверке оказалось, что есть почти все прививки, которые необходимо. Мы его согрели, накормили и стали любить как своего родного. Он очень ждет свох новых хозяев, обещал, то будет любить их очень сильно!;Уральский рекс длинношёрстный;http://cdn.some-random-api.ml/KkzYILa0'0;2023-04-11 21:27:52.538471;2023-04-11 21:27:52.538471
dog;Пьер;м;6;Это замечательное создание попало к нам совсем недавно. Один из наших работников нашеле его возле своего дома и не смог пройти мимо. Было видно, что животное домашнее, но брощено. Нам показалось, что его просто выкинули на улицу. При проверке оказалось, что есть почти все прививки, которые необходимо. Мы его согрели, накормили и стали любить как своего родного. Он очень ждет свох новых хозяев, обещал, то будет любить их очень сильно!;Австрийский пинчер;https://cdn.some-random-api.ml/r5-6xvkl'0;2023-04-11 21:27:52.877119;2023-04-11 21:27:52.877119
cat;Райд Ронни;м;12;К нам он попал от неравнодушных людей. Нашли его просто на улице среди мусорных баков. Было видно, что животное домашнее, но брощено. Нам показалось, что его просто выкинули на улицу. При проверке оказалось, что есть почти все прививки, которые необходимо. Мы его согрели, накормили и стали любить как своего родного. Он очень ждет свох новых хозяев, обещал, то будет любить их очень сильно!;Бенгальская;http://cdn.some-random-api.ml/cCzNiQHE'0;2023-04-11 21:27:53.238295;2023-04-11 21:27:53.238295
dog;Ранго;м;5;К нам он попал от своих бывших хозяев, к сожалению у них обнаржили аллергию на шерсть, и поэтому приняли решения сдать в наш приют. Он очень ласковый, добрый, очень часто улыбается и любит людей. Мы надеемся, что его в новом доме будут любить также сильно, как и мы.;Тоса-ину;https://cdn.some-random-api.ml/OItZMEIt'0;2023-04-11 21:27:53.547364;2023-04-11 21:27:53.547364
cat;Рико;м;15;К нам он попал от неравнодушных людей. Нашли его просто на улице среди мусорных баков. Было видно, что животное домашнее, но брощено. Нам показалось, что его просто выкинули на улицу. При проверке оказалось, что есть почти все прививки, которые необходимо. Мы его согрели, накормили и стали любить как своего родного. Он очень ждет свох новых хозяев, обещал, то будет любить их очень сильно!;Сейшельская длинношёрстная;http://cdn.some-random-api.ml/i1GIRM_u'0;2023-04-11 21:27:53.866762;2023-04-11 21:27:53.866762
dog;Ричмонд;м;7;Это замечательное создание попало к нам совсем недавно. Один из наших работников нашеле его возле своего дома и не смог пройти мимо. Было видно, что животное домашнее, но брощено. Нам показалось, что его просто выкинули на улицу. При проверке оказалось, что есть почти все прививки, которые необходимо. Мы его согрели, накормили и стали любить как своего родного. Он очень ждет свох новых хозяев, обещал, то будет любить их очень сильно!;Брюссельский гриффон;https://cdn.some-random-api.ml/dOnzUL0y'0;2023-04-11 21:27:54.198799;2023-04-11 21:27:54.198799
cat;Скуби ду;м;11;К нам он попал от неравнодушных людей. Нашли его просто на улице среди мусорных баков. Было видно, что животное домашнее, но брощено. Нам показалось, что его просто выкинули на улицу. При проверке оказалось, что есть почти все прививки, которые необходимо. Мы его согрели, накормили и стали любить как своего родного. Он очень ждет свох новых хозяев, обещал, то будет любить их очень сильно!;Курильский бобтейл короткошёрстный;https://i.some-random-api.ml/TnhNkh9tBE.jpg'0;2023-04-11 21:27:54.525214;2023-04-11 21:27:54.525214
dog;Спайк;м;20;К нам он попал от своих бывших хозяев, они уезжали из города и не смогли взять его с собой, и поэтому приняли решения сдать в наш приют. Он очень ласковый, добрый, очень часто улыбается и любит людей. Мы надеемся, что его в новом доме будут любить также сильно, как и мы.;Сенбернар;https://cdn.some-random-api.ml/TdL9TUWz'0;2023-04-11 21:27:54.842383;2023-04-11 21:27:54.842383
cat;Тоторо;м;3;Это замечательное создание попало к нам совсем недавно. Мы нашли его около дверей нашего приюта совсем холодного и голодного. При проверке оказалось, что есть почти все прививки, которые необходимо. Мы его согрели, накормили и стали любить как своего родного. Он очень ждет свох новых хозяев, обещал, то будет любить их очень сильно!;Сококе;http://cdn.some-random-api.ml/aT7xXAuK'0;2023-04-11 21:27:55.178449;2023-04-11 21:27:55.178449
dog;Трой;м;10;Это замечательное создание попало к нам совсем недавно. Мы нашли его около дверей нашего приюта совсем холодного и голодного. При проверке оказалось, что есть почти все прививки, которые необходимо. Мы его согрели, накормили и стали любить как своего родного. Он очень ждет свох новых хозяев, обещал, то будет любить их очень сильно!;Норвежский бухунд;https://cdn.some-random-api.ml/Z9KPnQ-z'0;2023-04-11 21:27:55.483889;2023-04-11 21:27:55.483889
cat;Урвин;м;19;К нам он попал от неравнодушных людей. Нашли его просто на улице среди мусорных баков. Было видно, что животное домашнее, но брощено. Нам показалось, что его просто выкинули на улицу. При проверке оказалось, что есть почти все прививки, которые необходимо. Мы его согрели, накормили и стали любить как своего родного. Он очень ждет свох новых хозяев, обещал, то будет любить их очень сильно!;Селкирк рекс длинношёрстный;http://cdn.some-random-api.ml/GEn7Uvgt'0;2023-04-11 21:27:55.824922;2023-04-11 21:27:55.824922
dog;Урсан;м;6;К нам он попал от своих бывших хозяев, они уезжали из города и не смогли взять его с собой, и поэтому приняли решения сдать в наш приют. Он очень ласковый, добрый, очень часто улыбается и любит людей. Мы надеемся, что его в новом доме будут любить также сильно, как и мы.;Валенсийский ратер;https://cdn.some-random-api.ml/7dp_fuj0'0;2023-04-11 21:27:56.127818;2023-04-11 21:27:56.127818
cat;Факир;м;16;К нам он попал от своих бывших хозяев, к сожалению у них обнаржили аллергию на шерсть, и поэтому приняли решения сдать в наш приют. Он очень ласковый, добрый, очень часто улыбается и любит людей. Мы надеемся, что его в новом доме будут любить также сильно, как и мы.;Бурмилла длинношёрстный;http://cdn.some-random-api.ml/XRihpUN9'0;2023-04-11 21:27:56.451435;2023-04-11 21:27:56.451435
dog;Хайди;м;12;Это замечательное создание попало к нам совсем недавно. Мы нашли его около дверей нашего приюта совсем холодного и голодного. При проверке оказалось, что есть почти все прививки, которые необходимо. Мы его согрели, накормили и стали любить как своего родного. Он очень ждет свох новых хозяев, обещал, то будет любить их очень сильно!;Восточносибирская лайка;https://cdn.some-random-api.ml/Wr43nojn'0;2023-04-11 21:27:56.853383;2023-04-11 21:27:56.853383
cat;Халиф;м;12;К нам он попал от своих бывших хозяев, к сожалению у них обнаржили аллергию на шерсть, и поэтому приняли решения сдать в наш приют. Он очень ласковый, добрый, очень часто улыбается и любит людей. Мы надеемся, что его в новом доме будут любить также сильно, как и мы.;Украинский левкой;http://cdn.some-random-api.ml/wnN53vOz'0;2023-04-11 21:27:57.158766;2023-04-11 21:27:57.158766
dog;Жаспер;м;7;Это замечательное создание попало к нам совсем недавно. Мы нашли его около дверей нашего приюта совсем холодного и голодного. При проверке оказалось, что есть почти все прививки, которые необходимо. Мы его согрели, накормили и стали любить как своего родного. Он очень ждет свох новых хозяев, обещал, то будет любить их очень сильно!;Бриар;https://i.some-random-api.ml/OIY8xfl6aP.jpg'0;2023-04-11 21:27:57.493998;2023-04-11 21:27:57.493998
cat;Ибрагим;м;17;К нам он попал от неравнодушных людей. Нашли его просто на улице среди мусорных баков. Было видно, что животное домашнее, но брощено. Нам показалось, что его просто выкинули на улицу. При проверке оказалось, что есть почти все прививки, которые необходимо. Мы его согрели, накормили и стали любить как своего родного. Он очень ждет свох новых хозяев, обещал, то будет любить их очень сильно!;Лаперм длинношёрстный;http://cdn.some-random-api.ml/a_EfMQH3'0;2023-04-11 21:27:57.814617;2023-04-11 21:27:57.814617
dog;Спирит;м;13;Это замечательное создание попало к нам совсем недавно. Один из наших работников нашеле его возле своего дома и не смог пройти мимо. Было видно, что животное домашнее, но брощено. Нам показалось, что его просто выкинули на улицу. При проверке оказалось, что есть почти все прививки, которые необходимо. Мы его согрели, накормили и стали любить как своего родного. Он очень ждет свох новых хозяев, обещал, то будет любить их очень сильно!;Русско-европейская лайка;https://cdn.some-random-api.ml/H6j1ioML'0;2023-04-11 21:27:58.145125;2023-04-11 21:27:58.145125
cat;Лотта;ж;19;К нам он попал от неравнодушных людей. Нашли его просто на улице среди мусорных баков. Было видно, что животное домашнее, но брощено. Нам показалось, что его просто выкинули на улицу. При проверке оказалось, что есть почти все прививки, которые необходимо. Мы его согрели, накормили и стали любить как своего родного. Он очень ждет свох новых хозяев, обещал, то будет любить их очень сильно!;Корниш рекс;http://cdn.some-random-api.ml/H-chbzvp'0;2023-04-11 21:27:58.470490;2023-04-11 21:27:58.470490
dog;Майя;ж;9;К нам он попал от своих бывших хозяев, они уезжали из города и не смогли взять его с собой, и поэтому приняли решения сдать в наш приют. Он очень ласковый, добрый, очень часто улыбается и любит людей. Мы надеемся, что его в новом доме будут любить также сильно, как и мы.;Лабрадудль;https://cdn.some-random-api.ml/NQ55d-ik'0;2023-04-11 21:27:58.821189;2023-04-11 21:27:58.821189
cat;Маруся;ж;4;К нам он попал от неравнодушных людей. Нашли его просто на улице среди мусорных баков. Было видно, что животное домашнее, но брощено. Нам показалось, что его просто выкинули на улицу. При проверке оказалось, что есть почти все прививки, которые необходимо. Мы его согрели, накормили и стали любить как своего родного. Он очень ждет свох новых хозяев, обещал, то будет любить их очень сильно!;Форин Вайт;http://cdn.some-random-api.ml/N3Ab169S'0;2023-04-11 21:27:59.133515;2023-04-11 21:27:59.133515
dog;Матильда;ж;17;К нам он попал от своих бывших хозяев, они уезжали из города и не смогли взять его с собой, и поэтому приняли решения сдать в наш приют. Он очень ласковый, добрый, очень часто улыбается и любит людей. Мы надеемся, что его в новом доме будут любить также сильно, как и мы.;Чау-чау;https://cdn.some-random-api.ml/POFf_RVD'0;2023-04-11 21:27:59.449066;2023-04-11 21:27:59.449066
cat;Нефертити;ж;20;Это замечательное создание попало к нам совсем недавно. Мы нашли его около дверей нашего приюта совсем холодного и голодного. При проверке оказалось, что есть почти все прививки, которые необходимо. Мы его согрели, накормили и стали любить как своего родного. Он очень ждет свох новых хозяев, обещал, то будет любить их очень сильно!;Уральский рекс короткошёрстный;http://cdn.some-random-api.ml/KNTuR6Xl'0;2023-04-11 21:27:59.775145;2023-04-11 21:27:59.775145
dog;Орлана;ж;3;К нам он попал от своих бывших хозяев, они уезжали из города и не смогли взять его с собой, и поэтому приняли решения сдать в наш приют. Он очень ласковый, добрый, очень часто улыбается и любит людей. Мы надеемся, что его в новом доме будут любить также сильно, как и мы.;Тайган;https://i.some-random-api.ml/YTFVFJOvS5.jpg'0;2023-04-11 21:28:00.112195;2023-04-11 21:28:00.112195
cat;Пайпер;ж;8;К нам он попал от неравнодушных людей. Нашли его просто на улице среди мусорных баков. Было видно, что животное домашнее, но брощено. Нам показалось, что его просто выкинули на улицу. При проверке оказалось, что есть почти все прививки, которые необходимо. Мы его согрели, накормили и стали любить как своего родного. Он очень ждет свох новых хозяев, обещал, то будет любить их очень сильно!;Канаани;http://cdn.some-random-api.ml/phPOAcIj'0;2023-04-11 21:28:00.420915;2023-04-11 21:28:00.420915
dog;Пелагея;ж;15;Это замечательное создание попало к нам совсем недавно. Мы нашли его около дверей нашего приюта совсем холодного и голодного. При проверке оказалось, что есть почти все прививки, которые необходимо. Мы его согрели, накормили и стали любить как своего родного. Он очень ждет свох новых хозяев, обещал, то будет любить их очень сильно!;Басенджи;https://i.some-random-api.ml/DoyEr74DXZ.jpg'0;2023-04-11 21:28:00.732718;2023-04-11 21:28:00.732718
cat;Пеппи;ж;9;К нам он попал от своих бывших хозяев, к сожалению у них обнаржили аллергию на шерсть, и поэтому приняли решения сдать в наш приют. Он очень ласковый, добрый, очень часто улыбается и любит людей. Мы надеемся, что его в новом доме будут любить также сильно, как и мы.;Бурмилла короткошёрстный;http://cdn.some-random-api.ml/t0K5A3mZ'0;2023-04-11 21:28:01.055417;2023-04-11 21:28:01.055417
dog;Пумба;ж;16;К нам он попал от своих бывших хозяев, они уезжали из города и не смогли взять его с собой, и поэтому приняли решения сдать в наш приют. Он очень ласковый, добрый, очень часто улыбается и любит людей. Мы надеемся, что его в новом доме будут любить также сильно, как и мы.;Шелти;https://cdn.some-random-api.ml/r16qMXwN'0;2023-04-11 21:28:01.361268;2023-04-11 21:28:01.361268
cat;Рианна;ж;11;К нам он попал от своих бывших хозяев, они уезжали из города и не смогли взять его с собой, и поэтому приняли решения сдать в наш приют. Он очень ласковый, добрый, очень часто улыбается и любит людей. Мы надеемся, что его в новом доме будут любить также сильно, как и мы.;Ориентальная длинношёрстная;http://cdn.some-random-api.ml/eZBwDmn-'0;2023-04-11 21:28:01.682758;2023-04-11 21:28:01.682758
dog;Рози;ж;10;К нам он попал от неравнодушных людей. Нашли его просто на улице среди мусорных баков. Было видно, что животное домашнее, но брощено. Нам показалось, что его просто выкинули на улицу. При проверке оказалось, что есть почти все прививки, которые необходимо. Мы его согрели, накормили и стали любить как своего родного. Он очень ждет свох новых хозяев, обещал, то будет любить их очень сильно!;Гаванский бишон;https://i.some-random-api.ml/JGB0PNew63.jpg'0;2023-04-11 21:28:02.061777;2023-04-11 21:28:02.061777
cat;Рошель;ж;9;Это замечательное создание попало к нам совсем недавно. Один из наших работников нашеле его возле своего дома и не смог пройти мимо. Было видно, что животное домашнее, но брощено. Нам показалось, что его просто выкинули на улицу. При проверке оказалось, что есть почти все прививки, которые необходимо. Мы его согрели, накормили и стали любить как своего родного. Он очень ждет свох новых хозяев, обещал, то будет любить их очень сильно!;Кимрик;http://cdn.some-random-api.ml/H-chbzvp'0;2023-04-11 21:28:02.400940;2023-04-11 21:28:02.400940
dog;Руни;ж;9;К нам он попал от своих бывших хозяев, к сожалению у них обнаржили аллергию на шерсть, и поэтому приняли решения сдать в наш приют. Он очень ласковый, добрый, очень часто улыбается и любит людей. Мы надеемся, что его в новом доме будут любить также сильно, как и мы.;Волчья собака Сарлоса;https://cdn.some-random-api.ml/KGx51Nge'0;2023-04-11 21:28:02.723014;2023-04-11 21:28:02.723014
cat;Сабрина;ж;17;Это замечательное создание попало к нам совсем недавно. Один из наших работников нашеле его возле своего дома и не смог пройти мимо. Было видно, что животное домашнее, но брощено. Нам показалось, что его просто выкинули на улицу. При проверке оказалось, что есть почти все прививки, которые необходимо. Мы его согрели, накормили и стали любить как своего родного. Он очень ждет свох новых хозяев, обещал, то будет любить их очень сильно!;Эгейская;http://cdn.some-random-api.ml/ajKY3Fmi'0;2023-04-11 21:28:03.064549;2023-04-11 21:28:03.064549
dog;Сакура;ж;13;К нам он попал от своих бывших хозяев, к сожалению у них обнаржили аллергию на шерсть, и поэтому приняли решения сдать в наш приют. Он очень ласковый, добрый, очень часто улыбается и любит людей. Мы надеемся, что его в новом доме будут любить также сильно, как и мы.;Бурят-монгольский волкодав;https://cdn.some-random-api.ml/UV2Ge1zy'0;2023-04-11 21:28:03.401897;2023-04-11 21:28:03.401897
cat;Салли;ж;17;К нам он попал от своих бывших хозяев, к сожалению у них обнаржили аллергию на шерсть, и поэтому приняли решения сдать в наш приют. Он очень ласковый, добрый, очень часто улыбается и любит людей. Мы надеемся, что его в новом доме будут любить также сильно, как и мы.;Уральский рекс длинношёрстный;http://cdn.some-random-api.ml/7ucubr7S'0;2023-04-11 21:28:03.722313;2023-04-11 21:28:03.722313
dog;Санда;ж;15;Это замечательное создание попало к нам совсем недавно. Мы нашли его около дверей нашего приюта совсем холодного и голодного. При проверке оказалось, что есть почти все прививки, которые необходимо. Мы его согрели, накормили и стали любить как своего родного. Он очень ждет свох новых хозяев, обещал, то будет любить их очень сильно!;Ротвейлер;https://i.some-random-api.ml/iJmfHJI4Ir.jpg'0;2023-04-11 21:28:04.061873;2023-04-11 21:28:04.061873
cat;Селина;ж;2;К нам он попал от неравнодушных людей. Нашли его просто на улице среди мусорных баков. Было видно, что животное домашнее, но брощено. Нам показалось, что его просто выкинули на улицу. При проверке оказалось, что есть почти все прививки, которые необходимо. Мы его согрели, накормили и стали любить как своего родного. Он очень ждет свох новых хозяев, обещал, то будет любить их очень сильно!;Мэнкс (Мэнская кошка);http://cdn.some-random-api.ml/ik8sIIs2'0;2023-04-11 21:28:04.395938;2023-04-11 21:28:04.395938
dog;Долли;ж;15;К нам он попал от своих бывших хозяев, они уезжали из города и не смогли взять его с собой, и поэтому приняли решения сдать в наш приют. Он очень ласковый, добрый, очень часто улыбается и любит людей. Мы надеемся, что его в новом доме будут любить также сильно, как и мы.;Русская гончая;https://i.some-random-api.ml/iJmfHJI4Ir.jpg'0;2023-04-11 21:28:04.743401;2023-04-11 21:28:04.743401
cat;Ева;ж;5;К нам он попал от своих бывших хозяев, к сожалению у них обнаржили аллергию на шерсть, и поэтому приняли решения сдать в наш приют. Он очень ласковый, добрый, очень часто улыбается и любит людей. Мы надеемся, что его в новом доме будут любить также сильно, как и мы.;Селкирк рекс короткошёрстный;http://cdn.some-random-api.ml/0g0-Ic7X'0;2023-04-11 21:28:05.066942;2023-04-11 21:28:05.066942
dog;Жаннет;ж;12;К нам он попал от своих бывших хозяев, они уезжали из города и не смогли взять его с собой, и поэтому приняли решения сдать в наш приют. Он очень ласковый, добрый, очень часто улыбается и любит людей. Мы надеемся, что его в новом доме будут любить также сильно, как и мы.;Чау-чау;https://cdn.some-random-api.ml/F0wA7PBp'0;2023-04-11 21:28:05.372805;2023-04-11 21:28:05.372805
cat;Зара;ж;15;К нам он попал от своих бывших хозяев, они уезжали из города и не смогли взять его с собой, и поэтому приняли решения сдать в наш приют. Он очень ласковый, добрый, очень часто улыбается и любит людей. Мы надеемся, что его в новом доме будут любить также сильно, как и мы.;Сококе;http://cdn.some-random-api.ml/8tS7UI5M'0;2023-04-11 21:28:05.684784;2023-04-11 21:28:05.684784
dog;Зузу;ж;6;К нам он попал от своих бывших хозяев, к сожалению у них обнаржили аллергию на шерсть, и поэтому приняли решения сдать в наш приют. Он очень ласковый, добрый, очень часто улыбается и любит людей. Мы надеемся, что его в новом доме будут любить также сильно, как и мы.;Кавказская овчарка;https://cdn.some-random-api.ml/dOnzUL0y'0;2023-04-11 21:28:05.999496;2023-04-11 21:28:05.999496
cat;Илона;ж;4;Это замечательное создание попало к нам совсем недавно. Один из наших работников нашеле его возле своего дома и не смог пройти мимо. Было видно, что животное домашнее, но брощено. Нам показалось, что его просто выкинули на улицу. При проверке оказалось, что есть почти все прививки, которые необходимо. Мы его согрели, накормили и стали любить как своего родного. Он очень ждет свох новых хозяев, обещал, то будет любить их очень сильно!;Тонкинская;http://cdn.some-random-api.ml/OnPGEHHv'0;2023-04-11 21:28:06.325392;2023-04-11 21:28:06.325392
dog;Агнесса;ж;4;Это замечательное создание попало к нам совсем недавно. Один из наших работников нашеле его возле своего дома и не смог пройти мимо. Было видно, что животное домашнее, но брощено. Нам показалось, что его просто выкинули на улицу. При проверке оказалось, что есть почти все прививки, которые необходимо. Мы его согрели, накормили и стали любить как своего родного. Он очень ждет свох новых хозяев, обещал, то будет любить их очень сильно!;Алабай;https://i.some-random-api.ml/EbomE2da4n.jpg'0;2023-04-11 21:28:06.639235;2023-04-11 21:28:06.639235
cat;Адель;ж;11;Это замечательное создание попало к нам совсем недавно. Один из наших работников нашеле его возле своего дома и не смог пройти мимо. Было видно, что животное домашнее, но брощено. Нам показалось, что его просто выкинули на улицу. При проверке оказалось, что есть почти все прививки, которые необходимо. Мы его согрели, накормили и стали любить как своего родного. Он очень ждет свох новых хозяев, обещал, то будет любить их очень сильно!;Американский кёрл короткошёрстный;http://cdn.some-random-api.ml/_WeLyEbI'0;2023-04-11 21:28:06.944531;2023-04-11 21:28:06.944531
dog;Аква;ж;14;К нам он попал от своих бывших хозяев, они уезжали из города и не смогли взять его с собой, и поэтому приняли решения сдать в наш приют. Он очень ласковый, добрый, очень часто улыбается и любит людей. Мы надеемся, что его в новом доме будут любить также сильно, как и мы.;Бурбуль;https://cdn.some-random-api.ml/t5qvloab'0;2023-04-11 21:28:07.244985;2023-04-11 21:28:07.244985
cat;Анабель;ж;19;Это замечательное создание попало к нам совсем недавно. Один из наших работников нашеле его возле своего дома и не смог пройти мимо. Было видно, что животное домашнее, но брощено. Нам показалось, что его просто выкинули на улицу. При проверке оказалось, что есть почти все прививки, которые необходимо. Мы его согрели, накормили и стали любить как своего родного. Он очень ждет свох новых хозяев, обещал, то будет любить их очень сильно!;Шантильи-тиффани;https://i.some-random-api.ml/eIlcplhzXI.jpg'0;2023-04-11 21:28:07.571426;2023-04-11 21:28:07.571426
dog;Ангел;ж;10;Это замечательное создание попало к нам совсем недавно. Один из наших работников нашеле его возле своего дома и не смог пройти мимо. Было видно, что животное домашнее, но брощено. Нам показалось, что его просто выкинули на улицу. При проверке оказалось, что есть почти все прививки, которые необходимо. Мы его согрели, накормили и стали любить как своего родного. Он очень ждет свох новых хозяев, обещал, то будет любить их очень сильно!;Испанская гончая;https://cdn.some-random-api.ml/HMjqFefw'0;2023-04-11 21:28:07.910000;2023-04-11 21:28:07.910000
cat;Жаспер;м;10;К нам он попал от неравнодушных людей. Нашли его просто на улице среди мусорных баков. Было видно, что животное домашнее, но брощено. Нам показалось, что его просто выкинули на улицу. При проверке оказалось, что есть почти все прививки, которые необходимо. Мы его согрели, накормили и стали любить как своего родного. Он очень ждет свох новых хозяев, обещал, то будет любить их очень сильно!;Невская маскарадная;http://cdn.some-random-api.ml/GQs0RP5f'0;2023-04-11 21:26:20.112439;2023-04-11 21:26:20.112439
dog;Ибрагим;м;19;К нам он попал от своих бывших хозяев, к сожалению у них обнаржили аллергию на шерсть, и поэтому приняли решения сдать в наш приют. Он очень ласковый, добрый, очень часто улыбается и любит людей. Мы надеемся, что его в новом доме будут любить также сильно, как и мы.;Денди-динмонт-терьер;https://cdn.some-random-api.ml/bO97v7MP'0;2023-04-11 21:26:20.444773;2023-04-11 21:26:20.444773
cat;Спирит;м;20;К нам он попал от неравнодушных людей. Нашли его просто на улице среди мусорных баков. Было видно, что животное домашнее, но брощено. Нам показалось, что его просто выкинули на улицу. При проверке оказалось, что есть почти все прививки, которые необходимо. Мы его согрели, накормили и стали любить как своего родного. Он очень ждет свох новых хозяев, обещал, то будет любить их очень сильно!;Йорк;http://cdn.some-random-api.ml/PzDppPdM'0;2023-04-11 21:26:20.781567;2023-04-11 21:26:20.781567
dog;Император;м;3;К нам он попал от своих бывших хозяев, они уезжали из города и не смогли взять его с собой, и поэтому приняли решения сдать в наш приют. Он очень ласковый, добрый, очень часто улыбается и любит людей. Мы надеемся, что его в новом доме будут любить также сильно, как и мы.;Чинук;https://cdn.some-random-api.ml/H6j1ioML'0;2023-04-11 21:26:21.109410;2023-04-11 21:26:21.109410
cat;Эдгар;м;18;К нам он попал от неравнодушных людей. Нашли его просто на улице среди мусорных баков. Было видно, что животное домашнее, но брощено. Нам показалось, что его просто выкинули на улицу. При проверке оказалось, что есть почти все прививки, которые необходимо. Мы его согрели, накормили и стали любить как своего родного. Он очень ждет свох новых хозяев, обещал, то будет любить их очень сильно!;Гималайская кошка;http://cdn.some-random-api.ml/OnPGEHHv'0;2023-04-11 21:26:21.421682;2023-04-11 21:26:21.421682
dog;Клайд;м;5;К нам он попал от своих бывших хозяев, к сожалению у них обнаржили аллергию на шерсть, и поэтому приняли решения сдать в наш приют. Он очень ласковый, добрый, очень часто улыбается и любит людей. Мы надеемся, что его в новом доме будут любить также сильно, как и мы.;Самоедская собака (Самоед);https://cdn.some-random-api.ml/sbA37Lsd'0;2023-04-11 21:26:21.754270;2023-04-11 21:26:21.754270
cat;Орлан;м;15;К нам он попал от неравнодушных людей. Нашли его просто на улице среди мусорных баков. Было видно, что животное домашнее, но брощено. Нам показалось, что его просто выкинули на улицу. При проверке оказалось, что есть почти все прививки, которые необходимо. Мы его согрели, накормили и стали любить как своего родного. Он очень ждет свох новых хозяев, обещал, то будет любить их очень сильно!;Петерболд;http://cdn.some-random-api.ml/UdCbqhoR'0;2023-04-11 21:26:22.077112;2023-04-11 21:26:22.077112
dog;Ирбис;м;20;К нам он попал от неравнодушных людей. Нашли его просто на улице среди мусорных баков. Было видно, что животное домашнее, но брощено. Нам показалось, что его просто выкинули на улицу. При проверке оказалось, что есть почти все прививки, которые необходимо. Мы его согрели, накормили и стали любить как своего родного. Он очень ждет свох новых хозяев, обещал, то будет любить их очень сильно!;Новозеландская овчарка;https://cdn.some-random-api.ml/nQGC8O2p'0;2023-04-11 21:26:22.384830;2023-04-11 21:26:22.384830
cat;Жюльен;м;19;К нам он попал от своих бывших хозяев, к сожалению у них обнаржили аллергию на шерсть, и поэтому приняли решения сдать в наш приют. Он очень ласковый, добрый, очень часто улыбается и любит людей. Мы надеемся, что его в новом доме будут любить также сильно, как и мы.;Турецкая ангора;http://cdn.some-random-api.ml/GRlCl3di'0;2023-04-11 21:26:22.715041;2023-04-11 21:26:22.715041
dog;Казбек;м;10;К нам он попал от своих бывших хозяев, к сожалению у них обнаржили аллергию на шерсть, и поэтому приняли решения сдать в наш приют. Он очень ласковый, добрый, очень часто улыбается и любит людей. Мы надеемся, что его в новом доме будут любить также сильно, как и мы.;Австралийский терьер;https://cdn.some-random-api.ml/WJud-r3v'0;2023-04-11 21:26:23.034647;2023-04-11 21:26:23.034647
cat;Ерофей;м;20;Это замечательное создание попало к нам совсем недавно. Мы нашли его около дверей нашего приюта совсем холодного и голодного. При проверке оказалось, что есть почти все прививки, которые необходимо. Мы его согрели, накормили и стали любить как своего родного. Он очень ждет свох новых хозяев, обещал, то будет любить их очень сильно!;Тойгер;http://cdn.some-random-api.ml/5OXLaFEP'0;2023-04-11 21:26:23.361018;2023-04-11 21:26:23.361018
dog;Ефрем;м;12;К нам он попал от своих бывших хозяев, они уезжали из города и не смогли взять его с собой, и поэтому приняли решения сдать в наш приют. Он очень ласковый, добрый, очень часто улыбается и любит людей. Мы надеемся, что его в новом доме будут любить также сильно, как и мы.;Шелти;https://cdn.some-random-api.ml/rY0wQwew'0;2023-04-11 21:26:23.660884;2023-04-11 21:26:23.660884
cat;Симон;м;11;Это замечательное создание попало к нам совсем недавно. Мы нашли его около дверей нашего приюта совсем холодного и голодного. При проверке оказалось, что есть почти все прививки, которые необходимо. Мы его согрели, накормили и стали любить как своего родного. Он очень ждет свох новых хозяев, обещал, то будет любить их очень сильно!;Священная бирманская;http://cdn.some-random-api.ml/aWdHqyLT'0;2023-04-11 21:26:23.976975;2023-04-11 21:26:23.976975
dog;Хитч;м;3;К нам он попал от своих бывших хозяев, к сожалению у них обнаржили аллергию на шерсть, и поэтому приняли решения сдать в наш приют. Он очень ласковый, добрый, очень часто улыбается и любит людей. Мы надеемся, что его в новом доме будут любить также сильно, как и мы.;Ховаварт;https://cdn.some-random-api.ml/jXneX-3j'0;2023-04-11 21:26:24.293690;2023-04-11 21:26:24.293690
cat;Лайв;м;2;Это замечательное создание попало к нам совсем недавно. Мы нашли его около дверей нашего приюта совсем холодного и голодного. При проверке оказалось, что есть почти все прививки, которые необходимо. Мы его согрели, накормили и стали любить как своего родного. Он очень ждет свох новых хозяев, обещал, то будет любить их очень сильно!;Немецкий рекс;http://cdn.some-random-api.ml/wnN53vOz'0;2023-04-11 21:26:24.640098;2023-04-11 21:26:24.640098
dog;Тимон;м;3;К нам он попал от своих бывших хозяев, они уезжали из города и не смогли взять его с собой, и поэтому приняли решения сдать в наш приют. Он очень ласковый, добрый, очень часто улыбается и любит людей. Мы надеемся, что его в новом доме будут любить также сильно, как и мы.;Черно-подпалый кунхаунд;https://cdn.some-random-api.ml/pg2hHbIM'0;2023-04-11 21:26:25.013034;2023-04-11 21:26:25.013034
cat;Мухтар;м;11;К нам он попал от неравнодушных людей. Нашли его просто на улице среди мусорных баков. Было видно, что животное домашнее, но брощено. Нам показалось, что его просто выкинули на улицу. При проверке оказалось, что есть почти все прививки, которые необходимо. Мы его согрели, накормили и стали любить как своего родного. Он очень ждет свох новых хозяев, обещал, то будет любить их очень сильно!;Колорпойнт;http://cdn.some-random-api.ml/HEq5xGgE'0;2023-04-11 21:26:25.328286;2023-04-11 21:26:25.328286
dog;Протон;м;19;Это замечательное создание попало к нам совсем недавно. Мы нашли его около дверей нашего приюта совсем холодного и голодного. При проверке оказалось, что есть почти все прививки, которые необходимо. Мы его согрели, накормили и стали любить как своего родного. Он очень ждет свох новых хозяев, обещал, то будет любить их очень сильно!;Карело-финская лайка;https://i.some-random-api.ml/79hyhdX4NW.jpg'0;2023-04-11 21:26:25.634931;2023-04-11 21:26:25.634931
cat;Гарфильд;м;5;К нам он попал от своих бывших хозяев, они уезжали из города и не смогли взять его с собой, и поэтому приняли решения сдать в наш приют. Он очень ласковый, добрый, очень часто улыбается и любит людей. Мы надеемся, что его в новом доме будут любить также сильно, как и мы.;Экзотическая;http://cdn.some-random-api.ml/1VMtWa0L'0;2023-04-11 21:26:25.945530;2023-04-11 21:26:25.945530
dog;Рой;м;20;Это замечательное создание попало к нам совсем недавно. Мы нашли его около дверей нашего приюта совсем холодного и голодного. При проверке оказалось, что есть почти все прививки, которые необходимо. Мы его согрели, накормили и стали любить как своего родного. Он очень ждет свох новых хозяев, обещал, то будет любить их очень сильно!;Английский той-терьер;https://cdn.some-random-api.ml/ATVvhXnW'0;2023-04-11 21:26:26.281904;2023-04-11 21:26:26.281904
cat;Арагорн;м;14;К нам он попал от своих бывших хозяев, они уезжали из города и не смогли взять его с собой, и поэтому приняли решения сдать в наш приют. Он очень ласковый, добрый, очень часто улыбается и любит людей. Мы надеемся, что его в новом доме будут любить также сильно, как и мы.;Курильский бобтейл короткошёрстный;https://i.some-random-api.ml/y0MAvtbtkd.jpg'0;2023-04-11 21:26:26.618034;2023-04-11 21:26:26.618034
dog;пинк;м;15;К нам он попал от своих бывших хозяев, к сожалению у них обнаржили аллергию на шерсть, и поэтому приняли решения сдать в наш приют. Он очень ласковый, добрый, очень часто улыбается и любит людей. Мы надеемся, что его в новом доме будут любить также сильно, как и мы.;Тедди-рузвельт-терьер;https://cdn.some-random-api.ml/fqI7K4nY'0;2023-04-11 21:26:26.914991;2023-04-11 21:26:26.914991
cat;Лари;м;11;К нам он попал от своих бывших хозяев, они уезжали из города и не смогли взять его с собой, и поэтому приняли решения сдать в наш приют. Он очень ласковый, добрый, очень часто улыбается и любит людей. Мы надеемся, что его в новом доме будут любить также сильно, как и мы.;Австралийский мист;http://cdn.some-random-api.ml/9-dPiFNp'0;2023-04-11 21:26:27.235069;2023-04-11 21:26:27.235069
dog;Иствуд;м;1;К нам он попал от неравнодушных людей. Нашли его просто на улице среди мусорных баков. Было видно, что животное домашнее, но брощено. Нам показалось, что его просто выкинули на улицу. При проверке оказалось, что есть почти все прививки, которые необходимо. Мы его согрели, накормили и стали любить как своего родного. Он очень ждет свох новых хозяев, обещал, то будет любить их очень сильно!;Вольпино итальяно;https://cdn.some-random-api.ml/sbA37Lsd'0;2023-04-11 21:26:27.547207;2023-04-11 21:26:27.547207
cat;Спайк;м;2;К нам он попал от своих бывших хозяев, они уезжали из города и не смогли взять его с собой, и поэтому приняли решения сдать в наш приют. Он очень ласковый, добрый, очень часто улыбается и любит людей. Мы надеемся, что его в новом доме будут любить также сильно, как и мы.;Корат;http://cdn.some-random-api.ml/bmNORsyS'0;2023-04-11 21:26:27.865955;2023-04-11 21:26:27.865955
dog;Ниваго;м;2;Это замечательное создание попало к нам совсем недавно. Один из наших работников нашеле его возле своего дома и не смог пройти мимо. Было видно, что животное домашнее, но брощено. Нам показалось, что его просто выкинули на улицу. При проверке оказалось, что есть почти все прививки, которые необходимо. Мы его согрели, накормили и стали любить как своего родного. Он очень ждет свох новых хозяев, обещал, то будет любить их очень сильно!;Цвергшнауцер;https://cdn.some-random-api.ml/fqI7K4nY'0;2023-04-11 21:26:28.191467;2023-04-11 21:26:28.191467
cat;Джексон;м;13;К нам он попал от своих бывших хозяев, к сожалению у них обнаржили аллергию на шерсть, и поэтому приняли решения сдать в наш приют. Он очень ласковый, добрый, очень часто улыбается и любит людей. Мы надеемся, что его в новом доме будут любить также сильно, как и мы.;Мейн-кун;http://cdn.some-random-api.ml/wWDpjVIO'0;2023-04-11 21:26:28.495688;2023-04-11 21:26:28.495688
dog;Норт;м;12;К нам он попал от своих бывших хозяев, к сожалению у них обнаржили аллергию на шерсть, и поэтому приняли решения сдать в наш приют. Он очень ласковый, добрый, очень часто улыбается и любит людей. Мы надеемся, что его в новом доме будут любить также сильно, как и мы.;Бостон-терьер;https://cdn.some-random-api.ml/sUa241ak'0;2023-04-11 21:26:28.952764;2023-04-11 21:26:28.952764
cat;Шафран;м;16;К нам он попал от своих бывших хозяев, они уезжали из города и не смогли взять его с собой, и поэтому приняли решения сдать в наш приют. Он очень ласковый, добрый, очень часто улыбается и любит людей. Мы надеемся, что его в новом доме будут любить также сильно, как и мы.;Анатолийская;http://cdn.some-random-api.ml/mNvdOOMj'0;2023-04-11 21:26:29.255856;2023-04-11 21:26:29.255856
dog;Йорик;м;15;К нам он попал от своих бывших хозяев, к сожалению у них обнаржили аллергию на шерсть, и поэтому приняли решения сдать в наш приют. Он очень ласковый, добрый, очень часто улыбается и любит людей. Мы надеемся, что его в новом доме будут любить также сильно, как и мы.;Доберман;https://cdn.some-random-api.ml/NuNpJU8i'0;2023-04-11 21:26:29.567493;2023-04-11 21:26:29.567493
cat;Агнесса;ж;1;К нам он попал от своих бывших хозяев, к сожалению у них обнаржили аллергию на шерсть, и поэтому приняли решения сдать в наш приют. Он очень ласковый, добрый, очень часто улыбается и любит людей. Мы надеемся, что его в новом доме будут любить также сильно, как и мы.;Хайленд фолд;http://cdn.some-random-api.ml/_rV-uEg5'0;2023-04-11 21:26:29.881545;2023-04-11 21:26:29.881545
dog;Адель;ж;3;К нам он попал от своих бывших хозяев, они уезжали из города и не смогли взять его с собой, и поэтому приняли решения сдать в наш приют. Он очень ласковый, добрый, очень часто улыбается и любит людей. Мы надеемся, что его в новом доме будут любить также сильно, как и мы.;Фарфоровая гончая;https://cdn.some-random-api.ml/tTLuYlYm'0;2023-04-11 21:26:30.194049;2023-04-11 21:26:30.194049
cat;Аква;ж;11;Это замечательное создание попало к нам совсем недавно. Мы нашли его около дверей нашего приюта совсем холодного и голодного. При проверке оказалось, что есть почти все прививки, которые необходимо. Мы его согрели, накормили и стали любить как своего родного. Он очень ждет свох новых хозяев, обещал, то будет любить их очень сильно!;Абиссинская;http://cdn.some-random-api.ml/3DS2tGQD'0;2023-04-11 21:26:30.538791;2023-04-11 21:26:30.538791
dog;Анабель;ж;12;Это замечательное создание попало к нам совсем недавно. Один из наших работников нашеле его возле своего дома и не смог пройти мимо. Было видно, что животное домашнее, но брощено. Нам показалось, что его просто выкинули на улицу. При проверке оказалось, что есть почти все прививки, которые необходимо. Мы его согрели, накормили и стали любить как своего родного. Он очень ждет свох новых хозяев, обещал, то будет любить их очень сильно!;Восточноевропейская овчарка;https://cdn.some-random-api.ml/2n62Hiq3'0;2023-04-11 21:26:30.848218;2023-04-11 21:26:30.848218
cat;Ангел;ж;2;К нам он попал от своих бывших хозяев, к сожалению у них обнаржили аллергию на шерсть, и поэтому приняли решения сдать в наш приют. Он очень ласковый, добрый, очень часто улыбается и любит людей. Мы надеемся, что его в новом доме будут любить также сильно, как и мы.;Экзотическая;http://cdn.some-random-api.ml/Ph4dszim'0;2023-04-11 21:26:31.180844;2023-04-11 21:26:31.180844
dog;Ангела;ж;5;Это замечательное создание попало к нам совсем недавно. Мы нашли его около дверей нашего приюта совсем холодного и голодного. При проверке оказалось, что есть почти все прививки, которые необходимо. Мы его согрели, накормили и стали любить как своего родного. Он очень ждет свох новых хозяев, обещал, то будет любить их очень сильно!;Ризеншнауцер;https://cdn.some-random-api.ml/P95PukAk'0;2023-04-11 21:26:31.480169;2023-04-11 21:26:31.480169
cat;Анхель;ж;20;К нам он попал от неравнодушных людей. Нашли его просто на улице среди мусорных баков. Было видно, что животное домашнее, но брощено. Нам показалось, что его просто выкинули на улицу. При проверке оказалось, что есть почти все прививки, которые необходимо. Мы его согрели, накормили и стали любить как своего родного. Он очень ждет свох новых хозяев, обещал, то будет любить их очень сильно!;Американский бобтейл короткошёрстный;http://cdn.some-random-api.ml/vjLvx5Bk'0;2023-04-11 21:26:31.797709;2023-04-11 21:26:31.797709
dog;Ариэль;ж;15;К нам он попал от своих бывших хозяев, они уезжали из города и не смогли взять его с собой, и поэтому приняли решения сдать в наш приют. Он очень ласковый, добрый, очень часто улыбается и любит людей. Мы надеемся, что его в новом доме будут любить также сильно, как и мы.;Московская сторожевая собака;https://cdn.some-random-api.ml/7N3R-8-C'0;2023-04-11 21:26:32.118788;2023-04-11 21:26:32.118788
cat;Артемида;ж;12;К нам он попал от своих бывших хозяев, они уезжали из города и не смогли взять его с собой, и поэтому приняли решения сдать в наш приют. Он очень ласковый, добрый, очень часто улыбается и любит людей. Мы надеемся, что его в новом доме будут любить также сильно, как и мы.;Кимрик;http://cdn.some-random-api.ml/h6c2MReb'0;2023-04-11 21:26:32.417797;2023-04-11 21:26:32.417797
dog;Асоль;ж;10;Это замечательное создание попало к нам совсем недавно. Один из наших работников нашеле его возле своего дома и не смог пройти мимо. Было видно, что животное домашнее, но брощено. Нам показалось, что его просто выкинули на улицу. При проверке оказалось, что есть почти все прививки, которые необходимо. Мы его согрели, накормили и стали любить как своего родного. Он очень ждет свох новых хозяев, обещал, то будет любить их очень сильно!;Тазы;https://i.some-random-api.ml/cKawj2aC4O.jpg'0;2023-04-11 21:26:32.804446;2023-04-11 21:26:32.804446
cat;Афина;ж;9;К нам он попал от неравнодушных людей. Нашли его просто на улице среди мусорных баков. Было видно, что животное домашнее, но брощено. Нам показалось, что его просто выкинули на улицу. При проверке оказалось, что есть почти все прививки, которые необходимо. Мы его согрели, накормили и стали любить как своего родного. Он очень ждет свох новых хозяев, обещал, то будет любить их очень сильно!;Сейшельская длинношёрстная;http://cdn.some-random-api.ml/2qezUziN'0;2023-04-11 21:26:33.113914;2023-04-11 21:26:33.113914
dog;Байра;ж;1;Это замечательное создание попало к нам совсем недавно. Один из наших работников нашеле его возле своего дома и не смог пройти мимо. Было видно, что животное домашнее, но брощено. Нам показалось, что его просто выкинули на улицу. При проверке оказалось, что есть почти все прививки, которые необходимо. Мы его согрели, накормили и стали любить как своего родного. Он очень ждет свох новых хозяев, обещал, то будет любить их очень сильно!;Венгерская жесткошёрстная выжла;https://cdn.some-random-api.ml/ihDDsxlX'0;2023-04-11 21:26:33.431819;2023-04-11 21:26:33.431819
cat;Барби;ж;3;К нам он попал от неравнодушных людей. Нашли его просто на улице среди мусорных баков. Было видно, что животное домашнее, но брощено. Нам показалось, что его просто выкинули на улицу. При проверке оказалось, что есть почти все прививки, которые необходимо. Мы его согрели, накормили и стали любить как своего родного. Он очень ждет свох новых хозяев, обещал, то будет любить их очень сильно!;Сфинкс (канадский);http://cdn.some-random-api.ml/aKd7yq4V'0;2023-04-11 21:26:33.747929;2023-04-11 21:26:33.747929
dog;Бася;ж;11;Это замечательное создание попало к нам совсем недавно. Один из наших работников нашеле его возле своего дома и не смог пройти мимо. Было видно, что животное домашнее, но брощено. Нам показалось, что его просто выкинули на улицу. При проверке оказалось, что есть почти все прививки, которые необходимо. Мы его согрели, накормили и стали любить как своего родного. Он очень ждет свох новых хозяев, обещал, то будет любить их очень сильно!;Пули;https://cdn.some-random-api.ml/JBiRiEZE'0;2023-04-11 21:26:34.051678;2023-04-11 21:26:34.051678
cat;Белла;ж;20;Это замечательное создание попало к нам совсем недавно. Один из наших работников нашеле его возле своего дома и не смог пройти мимо. Было видно, что животное домашнее, но брощено. Нам показалось, что его просто выкинули на улицу. При проверке оказалось, что есть почти все прививки, которые необходимо. Мы его согрели, накормили и стали любить как своего родного. Он очень ждет свох новых хозяев, обещал, то будет любить их очень сильно!;Сомали;http://cdn.some-random-api.ml/7ucubr7S'0;2023-04-11 21:26:34.385016;2023-04-11 21:26:34.385016
dog;Бета,Бьюти;ж;18;К нам он попал от своих бывших хозяев, к сожалению у них обнаржили аллергию на шерсть, и поэтому приняли решения сдать в наш приют. Он очень ласковый, добрый, очень часто улыбается и любит людей. Мы надеемся, что его в новом доме будут любить также сильно, как и мы.;Аляскинский маламут;https://i.some-random-api.ml/3qbEVISTgQ.jpg'0;2023-04-11 21:26:34.686024;2023-04-11 21:26:34.686024
cat;Бонька;ж;13;К нам он попал от неравнодушных людей. Нашли его просто на улице среди мусорных баков. Было видно, что животное домашнее, но брощено. Нам показалось, что его просто выкинули на улицу. При проверке оказалось, что есть почти все прививки, которые необходимо. Мы его согрели, накормили и стали любить как своего родного. Он очень ждет свох новых хозяев, обещал, то будет любить их очень сильно!;Саванна;http://cdn.some-random-api.ml/theOmP33'0;2023-04-11 21:26:35.010130;2023-04-11 21:26:35.010130
dog;Буря;ж;3;Это замечательное создание попало к нам совсем недавно. Один из наших работников нашеле его возле своего дома и не смог пройти мимо. Было видно, что животное домашнее, но брощено. Нам показалось, что его просто выкинули на улицу. При проверке оказалось, что есть почти все прививки, которые необходимо. Мы его согрели, накормили и стали любить как своего родного. Он очень ждет свох новых хозяев, обещал, то будет любить их очень сильно!;Бернская гончая;https://i.some-random-api.ml/4rf7R8en6y.jpg'0;2023-04-11 21:26:35.314216;2023-04-11 21:26:35.314216
cat;Вайлет;ж;18;К нам он попал от неравнодушных людей. Нашли его просто на улице среди мусорных баков. Было видно, что животное домашнее, но брощено. Нам показалось, что его просто выкинули на улицу. При проверке оказалось, что есть почти все прививки, которые необходимо. Мы его согрели, накормили и стали любить как своего родного. Он очень ждет свох новых хозяев, обещал, то будет любить их очень сильно!;Бурма (Бурманская);http://cdn.some-random-api.ml/H_9569xi'0;2023-04-11 21:26:35.622139;2023-04-11 21:26:35.622139
dog;Велона;ж;12;К нам он попал от своих бывших хозяев, к сожалению у них обнаржили аллергию на шерсть, и поэтому приняли решения сдать в наш приют. Он очень ласковый, добрый, очень часто улыбается и любит людей. Мы надеемся, что его в новом доме будут любить также сильно, как и мы.;Болгарский барак;https://cdn.some-random-api.ml/TdL9TUWz'0;2023-04-11 21:26:35.934690;2023-04-11 21:26:35.934690
cat;Венера;ж;2;К нам он попал от неравнодушных людей. Нашли его просто на улице среди мусорных баков. Было видно, что животное домашнее, но брощено. Нам показалось, что его просто выкинули на улицу. При проверке оказалось, что есть почти все прививки, которые необходимо. Мы его согрели, накормили и стали любить как своего родного. Он очень ждет свох новых хозяев, обещал, то будет любить их очень сильно!;Колорпойнт;http://cdn.some-random-api.ml/zjNpxyXT'0;2023-04-11 21:26:36.254834;2023-04-11 21:26:36.254834
dog;Вильда;ж;1;К нам он попал от неравнодушных людей. Нашли его просто на улице среди мусорных баков. Было видно, что животное домашнее, но брощено. Нам показалось, что его просто выкинули на улицу. При проверке оказалось, что есть почти все прививки, которые необходимо. Мы его согрели, накормили и стали любить как своего родного. Он очень ждет свох новых хозяев, обещал, то будет любить их очень сильно!;Американская акита;https://cdn.some-random-api.ml/nQGC8O2p'0;2023-04-11 21:26:36.557814;2023-04-11 21:26:36.557814
cat;Виоль;ж;8;К нам он попал от своих бывших хозяев, к сожалению у них обнаржили аллергию на шерсть, и поэтому приняли решения сдать в наш приют. Он очень ласковый, добрый, очень часто улыбается и любит людей. Мы надеемся, что его в новом доме будут любить также сильно, как и мы.;Рэгдолл;http://cdn.some-random-api.ml/jN1Rcjpf'0;2023-04-11 21:26:36.883010;2023-04-11 21:26:36.883010
dog;Вирона;ж;4;Это замечательное создание попало к нам совсем недавно. Один из наших работников нашеле его возле своего дома и не смог пройти мимо. Было видно, что животное домашнее, но брощено. Нам показалось, что его просто выкинули на улицу. При проверке оказалось, что есть почти все прививки, которые необходимо. Мы его согрели, накормили и стали любить как своего родного. Он очень ждет свох новых хозяев, обещал, то будет любить их очень сильно!;Сибирский хаски;https://i.some-random-api.ml/YTFVFJOvS5.jpg'0;2023-04-11 21:26:37.197003;2023-04-11 21:26:37.197003
cat;Герта;ж;10;Это замечательное создание попало к нам совсем недавно. Один из наших работников нашеле его возле своего дома и не смог пройти мимо. Было видно, что животное домашнее, но брощено. Нам показалось, что его просто выкинули на улицу. При проверке оказалось, что есть почти все прививки, которые необходимо. Мы его согрели, накормили и стали любить как своего родного. Он очень ждет свох новых хозяев, обещал, то будет любить их очень сильно!;Ориентальная длинношёрстная;http://cdn.some-random-api.ml/-bnqqvMt'0;2023-04-11 21:26:37.514436;2023-04-11 21:26:37.514436
dog;Гертруда;ж;2;К нам он попал от неравнодушных людей. Нашли его просто на улице среди мусорных баков. Было видно, что животное домашнее, но брощено. Нам показалось, что его просто выкинули на улицу. При проверке оказалось, что есть почти все прививки, которые необходимо. Мы его согрели, накормили и стали любить как своего родного. Он очень ждет свох новых хозяев, обещал, то будет любить их очень сильно!;Бразильский фила;https://cdn.some-random-api.ml/aPg65Vpr'0;2023-04-11 21:26:37.860289;2023-04-11 21:26:37.860289
cat;Готика;ж;2;Это замечательное создание попало к нам совсем недавно. Один из наших работников нашеле его возле своего дома и не смог пройти мимо. Было видно, что животное домашнее, но брощено. Нам показалось, что его просто выкинули на улицу. При проверке оказалось, что есть почти все прививки, которые необходимо. Мы его согрели, накормили и стали любить как своего родного. Он очень ждет свох новых хозяев, обещал, то будет любить их очень сильно!;Шантильи-тиффани;http://cdn.some-random-api.ml/dPqHhdzw'0;2023-04-11 21:26:38.163474;2023-04-11 21:26:38.163474
dog;Дестени;ж;18;Это замечательное создание попало к нам совсем недавно. Один из наших работников нашеле его возле своего дома и не смог пройти мимо. Было видно, что животное домашнее, но брощено. Нам показалось, что его просто выкинули на улицу. При проверке оказалось, что есть почти все прививки, которые необходимо. Мы его согрели, накормили и стали любить как своего родного. Он очень ждет свох новых хозяев, обещал, то будет любить их очень сильно!;Английский спрингер-спаниель;https://cdn.some-random-api.ml/F0wA7PBp'0;2023-04-11 21:26:38.484758;2023-04-11 21:26:38.484758
cat;Дженифер;ж;10;К нам он попал от своих бывших хозяев, к сожалению у них обнаржили аллергию на шерсть, и поэтому приняли решения сдать в наш приют. Он очень ласковый, добрый, очень часто улыбается и любит людей. Мы надеемся, что его в новом доме будут любить также сильно, как и мы.;Турецкая ангора;http://cdn.some-random-api.ml/tbkQEUXa'0;2023-04-11 21:26:38.817905;2023-04-11 21:26:38.817905
dog;Долли;ж;10;Это замечательное создание попало к нам совсем недавно. Мы нашли его около дверей нашего приюта совсем холодного и голодного. При проверке оказалось, что есть почти все прививки, которые необходимо. Мы его согрели, накормили и стали любить как своего родного. Он очень ждет свох новых хозяев, обещал, то будет любить их очень сильно!;Французская болонка (болоньез);https://cdn.some-random-api.ml/LOM2CD59'0;2023-04-11 21:26:39.140699;2023-04-11 21:26:39.140699
