Ростислав Гаврилович Бирюков;bogdan_1988@iva.shelter.com;A1XTERLSLH;2;2023-04-11 22:57:48.916934;2023-04-11 22:57:48.916934
Авдеева Иванна Львовна;ynoskova@iva.shelter.com;X0R6JL56ON;1;2023-04-11 22:57:48.917113;2023-04-11 22:57:48.917113
Казаков Мартын Афанасьевич;zikovjuvenali@iva.shelter.com;PE0SWZSRS3;1;2023-04-11 22:57:48.917254;2023-04-11 22:57:48.917254
Сидорова Вера Георгиевна;antonin2015@iva.shelter.com;SMF6PQLXOU;2;2023-04-11 22:57:48.917419;2023-04-11 22:57:48.917419
Феофан Ефремович Силин;skoshelev@iva.shelter.com;ZM297MOWCC;3;2023-04-11 22:57:48.917540;2023-04-11 22:57:48.917540
Некрасова Дарья Валериевна;nikonovemeljan@iva.shelter.com;NOKOYRV3ZY;3;2023-04-11 22:57:48.917662;2023-04-11 22:57:48.917662
Субботина Мария Захаровна;mitofan18@iva.shelter.com;T3GRS6DBS0;1;2023-04-11 22:57:48.917785;2023-04-11 22:57:48.917785
Ильин Аркадий Давыдович;arkadi_43@iva.shelter.com;OPUN52TDYJ;3;2023-04-11 22:57:48.917897;2023-04-11 22:57:48.917897
Демид Ааронович Горбачев;kondratkuzmin@iva.shelter.com;RPWCBM0BP4;3;2023-04-11 22:57:48.918014;2023-04-11 22:57:48.918014
Денисов Эрнст Терентьевич;leonti19@iva.shelter.com;U6566ONBK2;2;2023-04-11 22:57:48.918118;2023-04-11 22:57:48.918118
Прокофий Юльевич Пахомов;guri30@iva.shelter.com;S6J3E5Y7EO;2;2023-04-11 22:57:48.918219;2023-04-11 22:57:48.918219
Эммануил Германович Андреев;noskovagge@iva.shelter.com;T9O6CNO5FJ;3;2023-04-11 22:57:48.918331;2023-04-11 22:57:48.918331
Вишняков Ипат Якубович;ernst_1994@iva.shelter.com;MKKKLMVJAL;3;2023-04-11 22:57:48.918464;2023-04-11 22:57:48.918464
Дорофей Власович Калашников;bponomarev@iva.shelter.com;6ARF3CWE10;2;2023-04-11 22:57:48.918571;2023-04-11 22:57:48.918571
Ипполит Захарьевич Носов;ermil_1978@iva.shelter.com;A1IVF5A0OJ;2;2023-04-11 22:57:48.918694;2023-04-11 22:57:48.918694
Арефий Ефимьевич Рогов;moiseevisidor@iva.shelter.com;RZUNNE0OMI;3;2023-04-11 22:57:48.918803;2023-04-11 22:57:48.918803
Андреева Светлана Аркадьевна;kveselova@iva.shelter.com;NGFJXM83E4;3;2023-04-11 22:57:48.918906;2023-04-11 22:57:48.918906
Громов Соломон Даниилович;dmitrievaoksana@iva.shelter.com;WJQYR7IPXW;3;2023-04-11 22:57:48.919014;2023-04-11 22:57:48.919014
Юлия Степановна Комарова;rostislav98@iva.shelter.com;5X7ASYLS9K;2;2023-04-11 22:57:48.919121;2023-04-11 22:57:48.919121
Пелагея Константиновна Силина;rjabovboleslav@iva.shelter.com;SO6LT7MAG5;3;2023-04-11 22:57:48.919230;2023-04-11 22:57:48.919230
Ия Геннадьевна Кононова;loginovporfiri@iva.shelter.com;KEWKEG2O5T;2;2023-04-11 22:57:48.919344;2023-04-11 22:57:48.919344
Евдокия Никифоровна Кабанова;qrogov@iva.shelter.com;98IRGFDQAD;2;2023-04-11 22:57:48.919447;2023-04-11 22:57:48.919447
Агафья Вадимовна Сазонова;nikitaknjazev@iva.shelter.com;KA1V4HDDAE;1;2023-04-11 22:57:48.919555;2023-04-11 22:57:48.919555
Белякова Фёкла Алексеевна;qfedorova@iva.shelter.com;T80IJLMTBA;1;2023-04-11 22:57:48.919658;2023-04-11 22:57:48.919658
Татьяна Григорьевна Фомичева;kapiton71@iva.shelter.com;W5US1P4MPO;2;2023-04-11 22:57:48.919759;2023-04-11 22:57:48.919759
Нина Геннадиевна Гуляева;gavrilaveselov@iva.shelter.com;U2YYLH08QX;2;2023-04-11 22:57:48.919865;2023-04-11 22:57:48.919865
Ольга Святославовна Гришина;gromovivan@iva.shelter.com;6NO2U5NWU3;2;2023-04-11 22:57:48.919967;2023-04-11 22:57:48.919967
Евдокия Захаровна Красильникова;innokenti_1987@iva.shelter.com;C5I7WUB2YR;3;2023-04-11 22:57:48.920093;2023-04-11 22:57:48.920093
Татьяна Архиповна Архипова;polikarpzhdanov@iva.shelter.com;99TU0AOLSQ;1;2023-04-11 22:57:48.920204;2023-04-11 22:57:48.920204
Ершова Ираида Олеговна;orlovvladilen@iva.shelter.com;LBU2EJXMF0;1;2023-04-11 22:57:48.920309;2023-04-11 22:57:48.920309
Королева Нинель Рубеновна;mpetuhov@iva.shelter.com;MTZ6PTU6CM;3;2023-04-11 22:57:48.920428;2023-04-11 22:57:48.920428
Прасковья Кирилловна Ермакова;pchernova@iva.shelter.com;QXBB3UKND0;2;2023-04-11 22:57:48.920534;2023-04-11 22:57:48.920534
Рябов Август Захарьевич;imihalova@iva.shelter.com;SN5Q3USE9V;2;2023-04-11 22:57:48.920637;2023-04-11 22:57:48.920637
Гусева Наталья Антоновна;muravevkazimir@iva.shelter.com;J6385UCCOW;3;2023-04-11 22:57:48.920744;2023-04-11 22:57:48.920744
Афанасьев Сила Герасимович;tamara_41@iva.shelter.com;YIPLEN92F5;2;2023-04-11 22:57:48.920845;2023-04-11 22:57:48.920845
Туров Никодим Августович;alekseevmarian@iva.shelter.com;LCN6TYEDKO;1;2023-04-11 22:57:48.920949;2023-04-11 22:57:48.920949
Трофимова Жанна Александровна;tit_1971@iva.shelter.com;5NOP3X0IAJ;3;2023-04-11 22:57:48.921076;2023-04-11 22:57:48.921076
Акулина Вениаминовна Фомичева;anani_31@iva.shelter.com;N8WK5GTBOR;3;2023-04-11 22:57:48.921179;2023-04-11 22:57:48.921179
Всеволод Гордеевич Суханов;samuil1991@iva.shelter.com;61WAS1H3IJ;1;2023-04-11 22:57:48.921303;2023-04-11 22:57:48.921303
Лукия Ильинична Русакова;vadimsazonov@iva.shelter.com;AJ20V4LAVO;1;2023-04-11 22:57:48.921411;2023-04-11 22:57:48.921411
Мирон Жанович Зыков;parhipov@iva.shelter.com;X6CPNX5CHQ;1;2023-04-11 22:57:48.921509;2023-04-11 22:57:48.921509
Ферапонт Артурович Рогов;fortunat2005@iva.shelter.com;GNB0XU1L3Y;2;2023-04-11 22:57:48.921635;2023-04-11 22:57:48.921635
Савельев Мир Августович;onesterova@iva.shelter.com;X1ABEZ20U6;3;2023-04-11 22:57:48.921738;2023-04-11 22:57:48.921738
Уваров Эмиль Матвеевич;gremislavzinovev@iva.shelter.com;1PZ5KIC4KC;3;2023-04-11 22:57:48.921847;2023-04-11 22:57:48.921847
Лукина Таисия Оскаровна;sorlov@iva.shelter.com;00FVOVOMLO;1;2023-04-11 22:57:48.921944;2023-04-11 22:57:48.921944
Назар Дорофеевич Третьяков;vlas76@iva.shelter.com;W83KOSUCCU;1;2023-04-11 22:57:48.922042;2023-04-11 22:57:48.922042
тов. Кулаков Ираклий Димитриевич;udorofeeva@iva.shelter.com;GUYWDL5JO9;2;2023-04-11 22:57:48.922150;2023-04-11 22:57:48.922150
Лукия Альбертовна Сергеева;jkovalev@iva.shelter.com;NENKNDDLVY;1;2023-04-11 22:57:48.922249;2023-04-11 22:57:48.922249
Раиса Архиповна Петухова;visheslav_04@iva.shelter.com;0PX7LXNG4J;1;2023-04-11 22:57:48.922352;2023-04-11 22:57:48.922352
Лонгин Фадеевич Петухов;erofe1982@iva.shelter.com;EQPYVIYYRT;2;2023-04-11 22:57:48.922473;2023-04-11 22:57:48.922473
Ян Герасимович Титов;gushchinruslan@iva.shelter.com;M0DO3U9LV8;2;2023-04-11 22:57:48.922587;2023-04-11 22:57:48.922587
Любим Борисович Савин;moiseevazoja@iva.shelter.com;6VTS3OB7A6;1;2023-04-11 22:57:48.922691;2023-04-11 22:57:48.922691
Вячеслав Эдгардович Тарасов;belovaekaterina@iva.shelter.com;FVOHD8ZB0C;3;2023-04-11 22:57:48.922796;2023-04-11 22:57:48.922796
Ситникова Жанна Валериевна;boris_95@iva.shelter.com;KLZU3UWQE4;2;2023-04-11 22:57:48.922896;2023-04-11 22:57:48.922896
тов. Калинин Валерьян Федотович;miron_2008@iva.shelter.com;GNC6993J36;3;2023-04-11 22:57:48.923030;2023-04-11 22:57:48.923030
Шашков Адриан Валерьевич;elizaveta28@iva.shelter.com;Y58KIL2BFB;3;2023-04-11 22:57:48.923135;2023-04-11 22:57:48.923135
Лазарев Владилен Вячеславович;kononmartinov@iva.shelter.com;AUNJJCRG13;2;2023-04-11 22:57:48.923241;2023-04-11 22:57:48.923241
Валерия Леоновна Казакова;iosif00@iva.shelter.com;1B8ZGJB6UK;2;2023-04-11 22:57:48.923422;2023-04-11 22:57:48.923422
Лукин Ипполит Тихонович;mihail_1971@iva.shelter.com;LPEFQSOUHB;1;2023-04-11 22:57:48.923585;2023-04-11 22:57:48.923585
Антонин Геннадиевич Фадеев;kozlovbogdan@iva.shelter.com;M1033PIGV7;2;2023-04-11 22:57:48.923741;2023-04-11 22:57:48.923741
Ксения Петровна Гурьева;dmitrievapolina@iva.shelter.com;TO2E8VB3QQ;1;2023-04-11 22:57:48.923858;2023-04-11 22:57:48.923858
Ия Антоновна Егорова;zoja_49@iva.shelter.com;5473G9LCT7;2;2023-04-11 22:57:48.923959;2023-04-11 22:57:48.923959
Маргарита Тимофеевна Куликова;filippefremov@iva.shelter.com;7QTAYQFMJ7;3;2023-04-11 22:57:48.924069;2023-04-11 22:57:48.924069
Никандр Зиновьевич Егоров;alekseevartem@iva.shelter.com;NR0FD1EAU7;2;2023-04-11 22:57:48.924177;2023-04-11 22:57:48.924177
Валентина Робертовна Кузьмина;efimovferapont@iva.shelter.com;8MFDPC33AJ;3;2023-04-11 22:57:48.924282;2023-04-11 22:57:48.924282
Всемил Геннадиевич Белов;isaevjakub@iva.shelter.com;44433J1R9N;1;2023-04-11 22:57:48.924400;2023-04-11 22:57:48.924400
Марфа Антоновна Карпова;gremislav76@iva.shelter.com;B9TIZ1RDYV;2;2023-04-11 22:57:48.924503;2023-04-11 22:57:48.924503
Королев Аверьян Феоктистович;gedeon_31@iva.shelter.com;G7ZGJLP3RA;3;2023-04-11 22:57:48.924604;2023-04-11 22:57:48.924604
Гедеон Гаврилович Миронов;pantelemon96@iva.shelter.com;P16U3W7T99;2;2023-04-11 22:57:48.924706;2023-04-11 22:57:48.924706
Потапов Демьян Феодосьевич;anani46@iva.shelter.com;229H9BBJ2U;1;2023-04-11 22:57:48.924805;2023-04-11 22:57:48.924805
Прокл Виленович Щукин;abramovvseslav@iva.shelter.com;MAIBINFR4U;3;2023-04-11 22:57:48.924908;2023-04-11 22:57:48.924908
Епифан Ефимович Одинцов;budimir_70@iva.shelter.com;79HU9Z0JTE;1;2023-04-11 22:57:48.925007;2023-04-11 22:57:48.925007
Воронцова Антонина Владиславовна;samuildoronin@iva.shelter.com;Q6430IV57M;2;2023-04-11 22:57:48.925122;2023-04-11 22:57:48.925122
Валерьян Эдгардович Королев;doroninamaja@iva.shelter.com;FMWNL6WVB9;3;2023-04-11 22:57:48.925226;2023-04-11 22:57:48.925226
Арсений Бенедиктович Аксенов;miroslav2006@iva.shelter.com;QNAF535UG0;1;2023-04-11 22:57:48.925358;2023-04-11 22:57:48.925358
Вишнякова Жанна Игоревна;kudrjavtsevleonid@iva.shelter.com;013H8ZZEHR;1;2023-04-11 22:57:48.925469;2023-04-11 22:57:48.925469
Осип Анисимович Казаков;zhanna_80@iva.shelter.com;2RTTQ9QNG1;3;2023-04-11 22:57:48.925571;2023-04-11 22:57:48.925571
Жанна Даниловна Фадеева;izmail23@iva.shelter.com;LYKH1KVHM0;3;2023-04-11 22:57:48.925670;2023-04-11 22:57:48.925670
Жукова Лариса Наумовна;mjasnikovanina@iva.shelter.com;XUEJKEOJUO;2;2023-04-11 22:57:48.925774;2023-04-11 22:57:48.925774
Фадей Фёдорович Кузнецов;gremislav_2010@iva.shelter.com;2PE0CVLDAO;1;2023-04-11 22:57:48.925901;2023-04-11 22:57:48.925901
Комарова Таисия Егоровна;rodion68@iva.shelter.com;YWFKSH650S;2;2023-04-11 22:57:48.926004;2023-04-11 22:57:48.926004
Егоров Богдан Теймуразович;gerasim2001@iva.shelter.com;RSFSLNZDSE;3;2023-04-11 22:57:48.926127;2023-04-11 22:57:48.926127
Лазарев Гаврила Ефимович;poljakovadarja@iva.shelter.com;W4BX4PYYO5;3;2023-04-11 22:57:48.926232;2023-04-11 22:57:48.926232
Кудряшова Светлана Валентиновна;sokolovvatslav@iva.shelter.com;G5L99LS3OY;1;2023-04-11 22:57:48.926338;2023-04-11 22:57:48.926338
Титов Ипат Гордеевич;mihalovluka@iva.shelter.com;2E4RAYN3JW;1;2023-04-11 22:57:48.926441;2023-04-11 22:57:48.926441
Кондрат Ерофеевич Коновалов;marija_33@iva.shelter.com;9E04Z9VDLE;1;2023-04-11 22:57:48.926539;2023-04-11 22:57:48.926539
Евстафий Трифонович Муравьев;psimonov@iva.shelter.com;MLC2BMMROU;1;2023-04-11 22:57:48.926640;2023-04-11 22:57:48.926640
Корнилова Эмилия Ильинична;efremovpolikarp@iva.shelter.com;GYLE5ZAL3C;1;2023-04-11 22:57:48.926745;2023-04-11 22:57:48.926745
Мирослав Измаилович Чернов;savva1995@iva.shelter.com;YQQDKQ1WNV;1;2023-04-11 22:57:48.926869;2023-04-11 22:57:48.926869
Самсонова Мария Леонидовна;zatsevjaropolk@iva.shelter.com;4ADUQ2KIQ4;1;2023-04-11 22:57:48.926975;2023-04-11 22:57:48.926975
Васильева Ангелина Семеновна;osipovboleslav@iva.shelter.com;KGPZIIR4OL;3;2023-04-11 22:57:48.927081;2023-04-11 22:57:48.927081
Соколов Варлаам Георгиевич;kirillovanonna@iva.shelter.com;NJ963MNUZY;2;2023-04-11 22:57:48.927184;2023-04-11 22:57:48.927184
Клавдия Вадимовна Дементьева;moke1991@iva.shelter.com;DRBPME3MYN;2;2023-04-11 22:57:48.927305;2023-04-11 22:57:48.927305
Марк Ефимьевич Доронин;frol_85@iva.shelter.com;P0GFHD9TIR;2;2023-04-11 22:57:48.927407;2023-04-11 22:57:48.927407
тов. Ларионов Евстафий Арсеньевич;jaropolk2010@iva.shelter.com;MLK7S3NTHO;1;2023-04-11 22:57:48.927544;2023-04-11 22:57:48.927544
Константин Виленович Баранов;kulakovamargarita@iva.shelter.com;GQLYDQP669;3;2023-04-11 22:57:48.927657;2023-04-11 22:57:48.927657
Копылова Прасковья Александровна;rozhkovsemen@iva.shelter.com;0WPPJGFP8B;2;2023-04-11 22:57:48.927763;2023-04-11 22:57:48.927763
Ангелина Алексеевна Силина;saveli1987@iva.shelter.com;A8HXB9QW1P;2;2023-04-11 22:57:48.927890;2023-04-11 22:57:48.927890
Надежда Георгиевна Рябова;vladimirovaveronika@iva.shelter.com;WT8HYVYM8U;1;2023-04-11 22:57:48.928001;2023-04-11 22:57:48.928001
Жанна Сергеевна Лебедева;fadeevamarija@iva.shelter.com;YXEUK4WC3P;2;2023-04-11 22:57:48.928105;2023-04-11 22:57:48.928105
